Name,Age,Gender,Salary,Favorite Genre,Play Frequency,Preferred Platform
Maud Sporer,22,female,60000,Action/Adventure,1-2 times a week,Mobile Devices
Rene Rippin,45,male,40000,Sports/Simulation,Daily,PlayStation
Llewellyn Hammes,19,male,30000,Sports/Simulation,Never,Nintendo Switch
Emmy Runolfsdottir,48,female,40000,Strategy,Occasionally,PlayStation
Tillman Larkin,73,male,40000,Role-Playing Games (RPGs),3-6 times a week,PlayStation
Darrion Batz,66,male,30000,Role-Playing Games (RPGs),3-6 times a week,PC (Personal Computer)
Emery Zulauf,53,male,30000,First-Person Shooter (FPS),Daily,Other
Bo Batz,4,male,30000,Action/Adventure,3-6 times a week,PC (Personal Computer)
Daisha Brown,21,female,40000,Role-Playing Games (RPGs),Rarely,Mobile Devices
Bertha Macejkovic,38,male,80000,Sports/Simulation,Never,PlayStation
Christop Shields,41,male,30000,Sports/Simulation,Occasionally,PlayStation
Sadie Dare,3,female,40000,Action/Adventure,3-6 times a week,PC (Personal Computer)
Clarabelle Hahn,54,female,40000,Action/Adventure,3-6 times a week,PlayStation
Domenica Lesch,28,female,70000,First-Person Shooter (FPS),1-2 times a week,Mobile Devices
Ayla Ratke,63,female,80000,Role-Playing Games (RPGs),Never,PlayStation
Herta Bode,16,female,60000,Sports/Simulation,1-2 times a week,PC (Personal Computer)
Alena Rohan,2,female,60000,Role-Playing Games (RPGs),Occasionally,Mobile Devices
Leila Schoen,63,female,30000,Other,Daily,Mobile Devices
Zackary Lockman,65,male,40000,Racing,Rarely,PC (Personal Computer)
Georgette Crona,19,female,70000,Puzzle,Occasionally,PC (Personal Computer)
Clifford Tillman,32,male,80000,Role-Playing Games (RPGs),1-2 times a week,PC (Personal Computer)
Luisa Beahan,60,female,40000,First-Person Shooter (FPS),1-2 times a week,Mobile Devices
Alanna Koepp,52,female,30000,Role-Playing Games (RPGs),3-6 times a week,PlayStation
Curtis Toy,82,male,40000,Racing,Occasionally,PC (Personal Computer)
Braxton Gutmann,12,male,40000,Racing,1-2 times a week,PC (Personal Computer)
Carolanne Champlin,70,female,30000,Action/Adventure,1-2 times a week,Xbox
Manuela Medhurst,0,male,50000,Strategy,3-6 times a week,Xbox
Guido Satterfield,15,male,50000,Action/Adventure,1-2 times a week,PlayStation
Anahi Hane,72,female,50000,Puzzle,1-2 times a week,PC (Personal Computer)
Alexandra Connelly,41,female,50000,Action/Adventure,Daily,PC (Personal Computer)
Khalid Schuppe,49,male,40000,Racing,Rarely,PlayStation
Oceane Pacocha,21,female,70000,First-Person Shooter (FPS),3-6 times a week,PC (Personal Computer)
Aditya Bailey,16,female,60000,Sports/Simulation,3-6 times a week,Xbox
Xavier O'Keefe,56,male,50000,Sports/Simulation,Daily,Mobile Devices
Alfredo Romaguera,12,male,90000,Sports/Simulation,3-6 times a week,Nintendo Switch
Kelsie Fay,30,female,40000,Action/Adventure,Occasionally,PlayStation
Alda Goldner,83,female,80000,First-Person Shooter (FPS),1-2 times a week,PC (Personal Computer)
Lexi Bahringer,40,female,60000,Role-Playing Games (RPGs),3-6 times a week,Nintendo Switch
Arnoldo Crooks,28,male,30000,Racing,Daily,Xbox
Zetta Romaguera,53,female,90000,Role-Playing Games (RPGs),1-2 times a week,PlayStation
Brett Willms,30,male,50000,Sports/Simulation,Daily,Other
Jace Boehm,17,male,40000,Action/Adventure,1-2 times a week,Mobile Devices
Wendy West,40,female,40000,Racing,Daily,Nintendo Switch
Nayeli Moen,52,female,70000,Racing,Rarely,PlayStation
Rusty Bruen,38,male,70000,Fighting,Daily,PlayStation
Pearline Shanahan,47,female,80000,Role-Playing Games (RPGs),Daily,PlayStation
Sydnee Gusikowski,5,female,40000,Action/Adventure,Daily,Xbox
Justine Crooks,7,female,50000,Role-Playing Games (RPGs),Occasionally,Xbox
Rhea Marvin,63,female,40000,First-Person Shooter (FPS),Daily,PlayStation
Wendell Gislason,49,male,60000,Role-Playing Games (RPGs),Daily,PC (Personal Computer)
Gus Lind,46,male,60000,Strategy,3-6 times a week,Mobile Devices
Irving Morissette,3,male,30000,First-Person Shooter (FPS),Daily,Xbox
Alden Harber,35,male,70000,Role-Playing Games (RPGs),3-6 times a week,Mobile Devices
Darwin Hirthe,69,male,40000,Action/Adventure,Never,PlayStation
Jaylen Stroman,50,male,50000,Fighting,1-2 times a week,PC (Personal Computer)
Sammy Bogan,56,male,70000,Role-Playing Games (RPGs),Occasionally,PC (Personal Computer)
Myrtice Schumm,35,female,60000,Fighting,1-2 times a week,Nintendo Switch
Jace Gaylord,8,male,30000,Racing,Occasionally,PlayStation
Lucio Goyette,37,male,50000,Role-Playing Games (RPGs),3-6 times a week,Mobile Devices
Gillian Kautzer,79,male,30000,Strategy,3-6 times a week,Xbox
Oral Ernser,42,male,40000,Role-Playing Games (RPGs),Occasionally,Mobile Devices
Anahi Bailey,60,female,30000,Sports/Simulation,Daily,PC (Personal Computer)
Bartholome Leffler,16,male,40000,Strategy,3-6 times a week,PC (Personal Computer)
Cletus Schmeler,18,male,60000,Other,Daily,PlayStation
Cristobal Auer,71,male,40000,Role-Playing Games (RPGs),Occasionally,Mobile Devices
Gilbert Mante,9,male,40000,Role-Playing Games (RPGs),3-6 times a week,Mobile Devices
Brayan Rogahn,8,male,80000,Role-Playing Games (RPGs),Daily,Nintendo Switch
Vernon Blick,29,male,40000,First-Person Shooter (FPS),1-2 times a week,Nintendo Switch
Lonny Ebert,47,male,30000,Action/Adventure,3-6 times a week,PC (Personal Computer)
Jordane Mills,79,female,50000,Action/Adventure,3-6 times a week,Mobile Devices
Allan Huels,71,male,30000,First-Person Shooter (FPS),Occasionally,PC (Personal Computer)
Annabel Dibbert,77,female,50000,Action/Adventure,Occasionally,Mobile Devices
Tiana Bayer,85,female,40000,Fighting,Occasionally,Nintendo Switch
Curtis Hermiston,72,male,40000,Sports/Simulation,Rarely,Nintendo Switch
Linnea Lesch,54,female,40000,Action/Adventure,Daily,Mobile Devices
Verda Gusikowski,67,female,30000,Role-Playing Games (RPGs),3-6 times a week,PC (Personal Computer)
Werner Grant,38,male,30000,Sports/Simulation,Daily,Mobile Devices
Angelica Olson,75,female,80000,Strategy,3-6 times a week,PlayStation
Myles Schmidt,37,male,90000,Action/Adventure,1-2 times a week,PC (Personal Computer)
Pietro Mayert,40,male,40000,Role-Playing Games (RPGs),1-2 times a week,PlayStation
Zelma DuBuque,15,female,60000,Role-Playing Games (RPGs),3-6 times a week,Xbox
Taryn Buckridge,87,female,50000,Action/Adventure,3-6 times a week,Xbox
Kip Bergstrom,26,male,80000,Racing,Occasionally,PlayStation
Elissa Christiansen,71,female,40000,Action/Adventure,3-6 times a week,Xbox
Ottis Casper,44,male,50000,Strategy,Daily,Mobile Devices
Herta Bins,14,female,40000,Role-Playing Games (RPGs),3-6 times a week,PC (Personal Computer)
Trace O'Kon,47,male,50000,Racing,Daily,Xbox
Florine Walsh,37,female,30000,Role-Playing Games (RPGs),Occasionally,PC (Personal Computer)
Alicia Little,34,female,60000,First-Person Shooter (FPS),Occasionally,Mobile Devices
Hassie Wisozk,66,female,50000,Role-Playing Games (RPGs),Daily,PC (Personal Computer)
Daphnee Blanda,30,female,40000,Sports/Simulation,Daily,PC (Personal Computer)
Manley Ortiz,14,male,50000,First-Person Shooter (FPS),1-2 times a week,PlayStation
Savion Pacocha,63,male,30000,Action/Adventure,Occasionally,PlayStation
Theron Rutherford,87,male,40000,Role-Playing Games (RPGs),Rarely,Mobile Devices
Norris Monahan,81,male,50000,Action/Adventure,1-2 times a week,Mobile Devices
Kaden Sawayn,36,male,90000,Action/Adventure,Rarely,PC (Personal Computer)
Mariah Kassulke,32,female,40000,First-Person Shooter (FPS),1-2 times a week,PC (Personal Computer)
Lillie Pacocha,49,female,80000,Action/Adventure,Rarely,Nintendo Switch
Keshaun Emard,19,male,40000,Strategy,Never,PlayStation
Earline Labadie,24,female,50000,Sports/Simulation,3-6 times a week,Nintendo Switch
Lempi Mayer,23,female,70000,First-Person Shooter (FPS),1-2 times a week,Mobile Devices
Hannah Bailey,68,female,50000,Sports/Simulation,Occasionally,PC (Personal Computer)
Orrin Lynch,86,male,40000,Puzzle,3-6 times a week,PC (Personal Computer)
Ezra Denesik,35,male,30000,Action/Adventure,3-6 times a week,Xbox
Marlene Lindgren,87,female,30000,Role-Playing Games (RPGs),3-6 times a week,PC (Personal Computer)
Lester Hackett,38,male,60000,First-Person Shooter (FPS),Daily,PlayStation
Orville Zemlak,68,male,40000,Action/Adventure,1-2 times a week,PlayStation
Therese Rohan,86,female,70000,Action/Adventure,1-2 times a week,PC (Personal Computer)
Zackary Kuhlman,32,male,30000,Puzzle,Daily,Mobile Devices
Missouri Lang,77,female,60000,Role-Playing Games (RPGs),1-2 times a week,PlayStation
Dorcas Farrell,46,male,70000,Action/Adventure,Occasionally,PC (Personal Computer)
Brandi Mitchell,25,female,70000,First-Person Shooter (FPS),Daily,PC (Personal Computer)
Jody Rice,32,female,30000,Fighting,1-2 times a week,Mobile Devices
Nelson Crist,8,male,80000,Action/Adventure,Occasionally,Mobile Devices
Sienna Romaguera,49,female,40000,Sports/Simulation,Daily,Xbox
Eloisa Watsica,1,female,30000,Racing,Occasionally,Mobile Devices
Annalise Rolfson,83,female,30000,First-Person Shooter (FPS),1-2 times a week,PC (Personal Computer)
Alyson Jacobi,12,female,60000,Strategy,Daily,Nintendo Switch
Amparo Kihn,60,male,40000,Role-Playing Games (RPGs),1-2 times a week,Xbox
Friedrich Carter,58,male,40000,Racing,1-2 times a week,Nintendo Switch
Jeanie O'Hara,6,female,80000,Role-Playing Games (RPGs),3-6 times a week,Mobile Devices
Holden Mann,28,male,30000,Action/Adventure,Daily,Nintendo Switch
Betty Rath,26,female,30000,Role-Playing Games (RPGs),Occasionally,PlayStation
Allen Rempel,14,male,70000,Action/Adventure,3-6 times a week,PC (Personal Computer)
Darlene Wintheiser,78,female,40000,Racing,Occasionally,PC (Personal Computer)
Joshuah Effertz,78,male,70000,Strategy,1-2 times a week,Nintendo Switch
Katlynn Ruecker,21,female,80000,Role-Playing Games (RPGs),1-2 times a week,PC (Personal Computer)
Lucienne Quitzon,63,female,80000,Role-Playing Games (RPGs),Daily,Mobile Devices
Madaline Abshire,42,female,50000,Action/Adventure,Daily,PC (Personal Computer)
Kennedi Rosenbaum,56,male,50000,First-Person Shooter (FPS),Never,PlayStation
Kamryn Koss,69,male,50000,First-Person Shooter (FPS),1-2 times a week,Nintendo Switch
Lowell Hane,27,male,40000,First-Person Shooter (FPS),1-2 times a week,Mobile Devices
Arnaldo Carroll,4,male,40000,Other,1-2 times a week,Xbox
Dorthy Bergstrom,36,male,30000,Racing,Daily,Mobile Devices
Esta Feest,57,female,50000,Sports/Simulation,1-2 times a week,Xbox
Sylvester Lueilwitz,42,male,30000,First-Person Shooter (FPS),3-6 times a week,Nintendo Switch
Caitlyn Medhurst,67,female,60000,Other,3-6 times a week,Nintendo Switch
Madaline Leannon,87,female,50000,Racing,Daily,Mobile Devices
Nathen Bogisich,79,male,60000,Action/Adventure,3-6 times a week,Nintendo Switch
Rosina Sipes,20,female,40000,Role-Playing Games (RPGs),3-6 times a week,PlayStation
Nicolette Torphy,73,female,70000,Action/Adventure,Occasionally,Mobile Devices
William Sauer,6,male,40000,Role-Playing Games (RPGs),Daily,Mobile Devices
Colten O'Hara,28,male,40000,Action/Adventure,3-6 times a week,PC (Personal Computer)
Christophe Windler,15,male,80000,Racing,3-6 times a week,PC (Personal Computer)
Etha Dickinson,41,female,30000,Role-Playing Games (RPGs),3-6 times a week,PC (Personal Computer)
Ramona Wunsch,39,female,60000,Sports/Simulation,Daily,Mobile Devices
Kaylin Balistreri,73,female,50000,Role-Playing Games (RPGs),3-6 times a week,Mobile Devices
Kacie Monahan,30,female,60000,Fighting,3-6 times a week,Xbox
Jan Hartmann,54,male,40000,Role-Playing Games (RPGs),3-6 times a week,PlayStation
Sadie Walker,67,female,70000,Strategy,Rarely,PC (Personal Computer)
Freddie Bashirian,30,male,60000,Strategy,Daily,PC (Personal Computer)
Paula Mosciski,46,female,40000,Role-Playing Games (RPGs),1-2 times a week,Xbox
Theo Weimann,83,male,90000,Strategy,Daily,Nintendo Switch
King O'Connell,20,male,70000,Role-Playing Games (RPGs),Rarely,Mobile Devices
Juwan Leffler,32,male,50000,Action/Adventure,Rarely,Xbox
Alexandro Lesch,25,male,30000,Role-Playing Games (RPGs),3-6 times a week,PC (Personal Computer)
Marion Feil,62,female,50000,Racing,Daily,PlayStation
Forrest Macejkovic,22,male,60000,Role-Playing Games (RPGs),1-2 times a week,Mobile Devices
Carlos McGlynn,15,male,30000,Action/Adventure,1-2 times a week,PlayStation
Ronny Conroy,88,male,40000,Strategy,1-2 times a week,Mobile Devices
Marlon Turcotte,88,male,60000,Action/Adventure,Rarely,Mobile Devices
Kaylie Schuppe,55,female,100000,Action/Adventure,Occasionally,PlayStation
Lafayette Cremin,3,male,60000,Sports/Simulation,Daily,Nintendo Switch
Noemy Brakus,56,female,70000,Racing,3-6 times a week,PC (Personal Computer)
Gretchen Farrell,4,female,50000,Other,1-2 times a week,Xbox
Alvah Erdman,17,male,60000,Action/Adventure,Occasionally,Xbox
Madyson Cartwright,51,male,60000,Puzzle,Occasionally,PC (Personal Computer)
Allene Thompson,49,female,40000,Role-Playing Games (RPGs),Daily,Xbox
Sarai Satterfield,61,female,30000,Sports/Simulation,3-6 times a week,PC (Personal Computer)
Karine Bailey,0,female,30000,Role-Playing Games (RPGs),3-6 times a week,PC (Personal Computer)
Verna Konopelski,16,female,40000,Action/Adventure,Occasionally,PC (Personal Computer)
Rebeca Borer,75,female,40000,First-Person Shooter (FPS),Occasionally,Mobile Devices
Adrian Dicki,3,male,40000,Fighting,Daily,Nintendo Switch
Lavern Farrell,65,male,30000,Action/Adventure,3-6 times a week,PC (Personal Computer)
Shyann Jerde,4,female,90000,Role-Playing Games (RPGs),3-6 times a week,PC (Personal Computer)
Moses Spencer,12,male,60000,Strategy,1-2 times a week,Nintendo Switch
Tressie Conroy,72,female,40000,Other,Never,PC (Personal Computer)
Marian Wiegand,23,female,70000,Role-Playing Games (RPGs),3-6 times a week,PlayStation
Morris Cole,40,male,60000,Sports/Simulation,Never,PlayStation
Tre O'Conner,4,male,40000,Action/Adventure,1-2 times a week,PC (Personal Computer)
Dakota Rowe,9,female,70000,Sports/Simulation,Daily,Mobile Devices
Casper Torp,52,male,40000,First-Person Shooter (FPS),3-6 times a week,Other
Adriel Bernier,42,male,50000,Action/Adventure,1-2 times a week,PlayStation
Richie Strosin,2,male,70000,Action/Adventure,3-6 times a week,PlayStation
Efren Hane,78,male,40000,Role-Playing Games (RPGs),Occasionally,Mobile Devices
Halie Botsford,63,female,70000,Strategy,Daily,PlayStation
Tomasa Greenfelder,42,female,70000,First-Person Shooter (FPS),Daily,Xbox
Ila Osinski,29,female,40000,Action/Adventure,3-6 times a week,Mobile Devices
Wanda Moen,39,female,40000,Sports/Simulation,3-6 times a week,PC (Personal Computer)
Dexter Cormier,80,male,40000,Action/Adventure,Daily,PlayStation
Denis Fay,10,male,80000,Role-Playing Games (RPGs),Daily,PC (Personal Computer)
Brennan McGlynn,62,male,40000,Action/Adventure,Daily,Nintendo Switch
Burley Schneider,45,male,50000,Role-Playing Games (RPGs),Daily,PlayStation
Marco Waelchi,17,male,50000,Role-Playing Games (RPGs),Daily,PC (Personal Computer)
Enoch Batz,44,male,30000,Role-Playing Games (RPGs),3-6 times a week,Mobile Devices
Chasity Medhurst,35,female,40000,Strategy,Daily,Xbox
Queenie Bogisich,7,female,50000,Role-Playing Games (RPGs),Rarely,PC (Personal Computer)
Kathryn Parker,78,female,90000,First-Person Shooter (FPS),Daily,PC (Personal Computer)
Alexa Oberbrunner,14,female,30000,Action/Adventure,Daily,PC (Personal Computer)
Maurice Brown,16,male,70000,Action/Adventure,Rarely,Mobile Devices
Furman Bogan,66,male,50000,Action/Adventure,Daily,Nintendo Switch
Tianna Senger,33,female,30000,Sports/Simulation,Daily,PC (Personal Computer)
Raleigh Johns,43,male,50000,Sports/Simulation,Daily,Mobile Devices
Vincenza Wilkinson,37,female,40000,Sports/Simulation,Daily,Mobile Devices
Kaley Murazik,52,male,40000,Role-Playing Games (RPGs),3-6 times a week,Nintendo Switch
Samantha Beier,50,female,40000,Fighting,Never,PC (Personal Computer)
Germaine Kirlin,40,female,50000,Sports/Simulation,Never,PlayStation
Alyce Gibson,79,female,60000,First-Person Shooter (FPS),3-6 times a week,PlayStation
Nia Bradtke,7,female,100000,Action/Adventure,Daily,Mobile Devices
Joanne Klocko,64,female,40000,Action/Adventure,1-2 times a week,PC (Personal Computer)
Lucius Will,45,male,30000,Action/Adventure,1-2 times a week,PC (Personal Computer)
Cynthia McCullough,65,female,40000,Action/Adventure,3-6 times a week,PC (Personal Computer)
Kamille Collins,42,female,50000,Role-Playing Games (RPGs),3-6 times a week,Mobile Devices
Reinhold Schmidt,11,male,50000,Role-Playing Games (RPGs),Occasionally,Other
Christian Corkery,82,male,60000,Puzzle,1-2 times a week,Nintendo Switch
Orie Shields,83,female,80000,Role-Playing Games (RPGs),Daily,Xbox
Duncan Windler,29,male,60000,First-Person Shooter (FPS),1-2 times a week,PC (Personal Computer)
Priscilla Cronin,27,female,30000,First-Person Shooter (FPS),Occasionally,PlayStation
Elouise Kilback,4,female,40000,Fighting,Rarely,Xbox
Kaycee Kutch,41,female,50000,Fighting,1-2 times a week,PlayStation
Sam Kohler,69,male,40000,First-Person Shooter (FPS),Rarely,Mobile Devices
Larissa Daniel,48,female,50000,Action/Adventure,Rarely,Xbox
Xavier Shanahan,39,male,40000,Action/Adventure,3-6 times a week,Nintendo Switch
Ayla Legros,59,female,40000,Role-Playing Games (RPGs),Occasionally,PlayStation
River Parisian,73,female,40000,Other,Occasionally,PC (Personal Computer)
Alva McLaughlin,35,female,50000,Sports/Simulation,Daily,Xbox
Clarabelle Ondricka,23,female,30000,Action/Adventure,Occasionally,PC (Personal Computer)
Emerald Botsford,16,male,30000,Sports/Simulation,Daily,PC (Personal Computer)
Yazmin Bode,3,female,80000,Strategy,Occasionally,Other
Ben Kub,18,male,40000,Role-Playing Games (RPGs),Occasionally,PC (Personal Computer)
Gerson Wuckert,59,male,40000,Other,1-2 times a week,PlayStation
Bridgette Wolff,13,female,40000,Sports/Simulation,Rarely,PlayStation
Genoveva Mohr,19,female,60000,First-Person Shooter (FPS),Rarely,Mobile Devices
Fanny Sauer,0,female,30000,Action/Adventure,Occasionally,PC (Personal Computer)
Dorcas Borer,87,male,50000,Action/Adventure,Daily,Mobile Devices
Garfield Lynch,54,male,30000,First-Person Shooter (FPS),Daily,PlayStation
Erling Koelpin,26,male,70000,Role-Playing Games (RPGs),Daily,Xbox
Lottie Huel,79,female,60000,Puzzle,Daily,Xbox
Gabe Wilkinson,7,male,40000,First-Person Shooter (FPS),Occasionally,PlayStation
Logan Mertz,29,male,40000,Action/Adventure,3-6 times a week,PC (Personal Computer)
Christina Emmerich,51,female,30000,Puzzle,Never,PlayStation
Freddie Larkin,63,male,30000,First-Person Shooter (FPS),3-6 times a week,Mobile Devices
Santino Collins,28,male,30000,First-Person Shooter (FPS),3-6 times a week,PC (Personal Computer)
Paris Kris,27,male,30000,Role-Playing Games (RPGs),Occasionally,PlayStation
Tessie Reichert,26,female,40000,Action/Adventure,3-6 times a week,Mobile Devices
General Rolfson,72,male,50000,Role-Playing Games (RPGs),3-6 times a week,PC (Personal Computer)
Torey Zulauf,76,male,50000,Role-Playing Games (RPGs),Never,PlayStation
Lizeth O'Keefe,16,female,50000,Sports/Simulation,Daily,Nintendo Switch
Magnus Metz,87,male,50000,Fighting,1-2 times a week,Mobile Devices
Vince Dare,19,male,80000,Racing,3-6 times a week,PC (Personal Computer)
Rashawn Beahan,53,male,70000,Role-Playing Games (RPGs),Daily,Xbox
Myrna Pouros,87,female,30000,Action/Adventure,3-6 times a week,PlayStation
Abigale Dietrich,36,female,50000,Role-Playing Games (RPGs),1-2 times a week,PC (Personal Computer)
Charlotte Sporer,81,female,40000,Action/Adventure,3-6 times a week,Mobile Devices
Gabriella Hyatt,13,female,60000,First-Person Shooter (FPS),Occasionally,PC (Personal Computer)
Lee Emard,23,male,50000,Role-Playing Games (RPGs),Daily,Xbox
Theresia Toy,32,female,40000,Action/Adventure,3-6 times a week,Nintendo Switch
Burnice Cummings,60,female,40000,Role-Playing Games (RPGs),Daily,PC (Personal Computer)
Lauren Lehner,31,female,30000,Role-Playing Games (RPGs),Daily,Nintendo Switch
Magnolia Yost,83,female,80000,Sports/Simulation,Daily,Nintendo Switch
Roel Bogan,69,male,40000,Action/Adventure,3-6 times a week,Nintendo Switch
Eric Nienow,61,male,50000,Sports/Simulation,3-6 times a week,PlayStation
Della Williamson,4,female,60000,Strategy,Occasionally,PlayStation
Nicholas Streich,78,male,50000,Racing,3-6 times a week,PlayStation
Laury Carter,38,female,80000,Action/Adventure,Daily,Mobile Devices
Lourdes Ruecker,87,male,50000,Sports/Simulation,Daily,PlayStation
Edyth Mills,8,female,40000,Racing,3-6 times a week,Xbox
Jovani Kemmer,63,male,40000,Action/Adventure,1-2 times a week,PlayStation
Kathleen Legros,39,female,40000,Racing,Rarely,Mobile Devices
Brain Barrows,64,male,40000,Sports/Simulation,Daily,Nintendo Switch
Theodore Hill,42,male,80000,Racing,1-2 times a week,PlayStation
Erik Cummerata,72,male,40000,Sports/Simulation,1-2 times a week,PC (Personal Computer)
Katarina Ruecker,62,female,50000,Other,1-2 times a week,Mobile Devices
Chase Baumbach,8,male,40000,Sports/Simulation,Occasionally,PC (Personal Computer)
Joany Wilkinson,41,male,60000,Role-Playing Games (RPGs),Daily,Nintendo Switch
Zoe Beahan,28,female,60000,Action/Adventure,1-2 times a week,PlayStation
Quincy Gerlach,28,male,60000,Other,3-6 times a week,PC (Personal Computer)
Rey Feest,67,male,80000,Sports/Simulation,3-6 times a week,PC (Personal Computer)
Elfrieda Gusikowski,87,female,70000,Role-Playing Games (RPGs),Daily,PlayStation
Kaylee Sawayn,70,female,30000,Racing,Daily,Mobile Devices
Golden Lueilwitz,72,male,70000,Role-Playing Games (RPGs),Daily,PlayStation
Lexie Weimann,76,female,40000,Puzzle,Daily,Nintendo Switch
Bella Gerhold,79,female,70000,First-Person Shooter (FPS),Occasionally,PlayStation
Antonetta Emard,30,female,40000,Sports/Simulation,3-6 times a week,Xbox
Roel Torp,74,male,60000,Role-Playing Games (RPGs),Occasionally,PlayStation
Precious Rogahn,32,female,60000,Puzzle,Daily,Xbox
Amie Gulgowski,77,female,50000,Action/Adventure,3-6 times a week,PC (Personal Computer)
Kiera Paucek,28,female,50000,First-Person Shooter (FPS),1-2 times a week,PC (Personal Computer)
Shane Weissnat,47,male,40000,Action/Adventure,1-2 times a week,PlayStation
Cody Lueilwitz,15,male,70000,Action/Adventure,3-6 times a week,PC (Personal Computer)
Marley Eichmann,40,male,30000,First-Person Shooter (FPS),3-6 times a week,PlayStation
Zack Lowe,71,male,70000,Role-Playing Games (RPGs),3-6 times a week,Mobile Devices
Shirley Paucek,24,female,50000,Role-Playing Games (RPGs),Rarely,Xbox
Celine Nikolaus,18,female,80000,Action/Adventure,Daily,Xbox
Anthony Wolf,7,male,40000,Strategy,1-2 times a week,Other
Pauline Collins,52,female,40000,Strategy,3-6 times a week,Mobile Devices
Estevan Murphy,0,male,40000,Role-Playing Games (RPGs),Rarely,PlayStation
Johathan Kozey,27,male,40000,Sports/Simulation,1-2 times a week,Xbox
Rory Zemlak,65,male,40000,Racing,Occasionally,Xbox
Julie Predovic,28,female,80000,Sports/Simulation,3-6 times a week,PlayStation
Buddy Jaskolski,13,male,60000,First-Person Shooter (FPS),3-6 times a week,Mobile Devices
Lawrence Hahn,66,male,60000,Role-Playing Games (RPGs),1-2 times a week,Nintendo Switch
Vella Howe,11,female,30000,Sports/Simulation,Daily,PlayStation
Mozelle Daugherty,26,female,30000,Strategy,Daily,Xbox
Lilian Beatty,81,female,60000,Fighting,Daily,Nintendo Switch
Aileen Nicolas,74,female,30000,Fighting,Daily,PC (Personal Computer)
Brice Welch,65,male,30000,Role-Playing Games (RPGs),Occasionally,Xbox
Jacinto Weimann,54,male,40000,Other,3-6 times a week,Other
Eleazar Effertz,23,male,60000,Fighting,Daily,PlayStation
Gerda Weissnat,37,female,50000,First-Person Shooter (FPS),1-2 times a week,Xbox
Alden Kovacek,56,male,30000,Role-Playing Games (RPGs),1-2 times a week,Xbox
Marcelle Bernhard,11,female,40000,Strategy,3-6 times a week,Nintendo Switch
Reta Collier,44,female,80000,Strategy,Daily,Mobile Devices
Laila Monahan,63,female,30000,Action/Adventure,Daily,Xbox
Katlyn Hartmann,83,female,80000,Role-Playing Games (RPGs),1-2 times a week,Mobile Devices
Cyrus Schmidt,17,male,40000,First-Person Shooter (FPS),1-2 times a week,PC (Personal Computer)
Loy Rempel,80,male,30000,Role-Playing Games (RPGs),Never,Mobile Devices
Khalil Toy,89,male,40000,Sports/Simulation,Rarely,Nintendo Switch
Rafaela Carter,44,female,50000,Action/Adventure,1-2 times a week,Xbox
Mathilde Little,38,female,40000,Strategy,Rarely,PC (Personal Computer)
Giles Schowalter,10,male,70000,Sports/Simulation,1-2 times a week,Mobile Devices
Dion Toy,33,male,50000,First-Person Shooter (FPS),Occasionally,Nintendo Switch
Kory Ebert,23,male,40000,Action/Adventure,Rarely,PC (Personal Computer)
Ambrose Nader,6,male,50000,Action/Adventure,Occasionally,Nintendo Switch
Immanuel Koch,60,male,40000,Puzzle,Daily,Xbox
Michael Zieme,50,male,80000,Action/Adventure,Rarely,Xbox
Adolfo Leuschke,53,male,70000,Sports/Simulation,3-6 times a week,PC (Personal Computer)
Raquel Doyle,33,female,90000,Strategy,Daily,PC (Personal Computer)
Angie Price,14,female,40000,First-Person Shooter (FPS),Daily,Nintendo Switch
Zoie Senger,27,female,60000,Strategy,3-6 times a week,PC (Personal Computer)
Joan Gleichner,8,male,50000,Role-Playing Games (RPGs),Occasionally,PC (Personal Computer)
Danial Padberg,75,male,30000,Strategy,Occasionally,Xbox
Gaetano Turcotte,10,male,30000,Strategy,3-6 times a week,PlayStation
Leda Roob,70,female,50000,Fighting,3-6 times a week,PC (Personal Computer)
Katelin Luettgen,16,female,30000,First-Person Shooter (FPS),Rarely,Mobile Devices
Mable Morissette,45,female,100000,Sports/Simulation,3-6 times a week,PC (Personal Computer)
Federico Stanton,12,male,50000,Other,Daily,PC (Personal Computer)
Ima Hamill,81,female,70000,First-Person Shooter (FPS),1-2 times a week,PlayStation
Bert Cartwright,87,female,50000,Action/Adventure,Daily,PC (Personal Computer)
Shakira Rau,39,female,40000,Action/Adventure,Never,PlayStation
Eduardo Ziemann,20,male,70000,First-Person Shooter (FPS),Daily,Mobile Devices
Martina Steuber,49,female,40000,Fighting,Daily,PC (Personal Computer)
Courtney Kessler,32,female,40000,Puzzle,Rarely,PlayStation
Liam Conroy,53,male,30000,Sports/Simulation,3-6 times a week,PlayStation
Dovie Gutkowski,11,female,50000,Sports/Simulation,Rarely,Mobile Devices
Violet Koepp,63,female,40000,Puzzle,3-6 times a week,Mobile Devices
Deondre Stehr,63,male,50000,Strategy,Daily,Mobile Devices
Glenna Volkman,61,female,30000,Sports/Simulation,3-6 times a week,Nintendo Switch
Vernon Crist,47,male,40000,Action/Adventure,3-6 times a week,PlayStation
Cecile Huel,78,female,40000,Action/Adventure,Occasionally,Xbox
Ellen Heaney,36,female,40000,Strategy,Daily,PlayStation
Everett Prohaska,32,male,60000,Action/Adventure,3-6 times a week,PC (Personal Computer)
Eva Hartmann,63,female,60000,Sports/Simulation,Daily,PlayStation
Chester Walter,61,male,50000,Action/Adventure,3-6 times a week,PC (Personal Computer)
Adelbert Zieme,38,male,40000,Role-Playing Games (RPGs),Daily,Xbox
Murray Dooley,28,male,30000,Sports/Simulation,Daily,PC (Personal Computer)
Elvie Boehm,54,female,40000,Role-Playing Games (RPGs),3-6 times a week,PlayStation
Jordon Larkin,22,male,80000,First-Person Shooter (FPS),3-6 times a week,Mobile Devices
Zion Shields,47,male,60000,Puzzle,Occasionally,Mobile Devices
Samantha Barton,76,female,60000,Action/Adventure,3-6 times a week,PC (Personal Computer)
Arvid Krajcik,44,male,50000,Strategy,3-6 times a week,Xbox
Cyrus Crooks,73,male,30000,Action/Adventure,Occasionally,PC (Personal Computer)
Nels Rodriguez,36,male,60000,Fighting,Daily,Xbox
Lorenzo Jones,3,male,30000,Strategy,Daily,PC (Personal Computer)
Lydia Vandervort,75,female,30000,Action/Adventure,Daily,PlayStation
Everardo Bashirian,87,male,40000,Puzzle,Daily,Nintendo Switch
Anthony Aufderhar,44,male,90000,Racing,3-6 times a week,Nintendo Switch
Kelli Okuneva,17,female,50000,First-Person Shooter (FPS),Rarely,Xbox
Raheem Lehner,32,male,30000,Strategy,Daily,Xbox
Bertram Cronin,12,male,30000,Sports/Simulation,3-6 times a week,PC (Personal Computer)
Carlotta Hayes,70,female,40000,First-Person Shooter (FPS),3-6 times a week,Nintendo Switch
Cristina Lehner,45,male,60000,Sports/Simulation,1-2 times a week,Xbox
Annette Wunsch,50,female,40000,First-Person Shooter (FPS),1-2 times a week,Xbox
Emely Jacobi,26,female,70000,Sports/Simulation,1-2 times a week,Xbox
Antonia Davis,57,female,40000,Strategy,3-6 times a week,Nintendo Switch
Loren Russel,55,female,40000,Action/Adventure,Daily,Xbox
Ibrahim Stokes,36,male,50000,Action/Adventure,3-6 times a week,PC (Personal Computer)
Magnus Cassin,40,male,60000,Sports/Simulation,3-6 times a week,PC (Personal Computer)
Annamae Kohler,0,female,30000,Action/Adventure,Daily,PlayStation
Richmond Harvey,57,male,50000,Strategy,3-6 times a week,PC (Personal Computer)
Dayna Wilkinson,75,female,50000,First-Person Shooter (FPS),Occasionally,Other
Davion Renner,80,male,60000,Action/Adventure,Occasionally,PlayStation
Ryder Grady,55,male,40000,Role-Playing Games (RPGs),Never,Mobile Devices
Ken Hansen,34,male,80000,Other,Occasionally,Mobile Devices
Fay Turcotte,68,female,40000,First-Person Shooter (FPS),3-6 times a week,Mobile Devices
Cicero Feest,4,male,50000,Action/Adventure,Daily,PlayStation
Margie Turcotte,49,female,100000,Role-Playing Games (RPGs),3-6 times a week,Nintendo Switch
Alva Pfannerstill,65,female,60000,Fighting,1-2 times a week,Xbox
Emilie DuBuque,55,female,50000,Action/Adventure,3-6 times a week,PlayStation
Gail Greenfelder,13,female,50000,Action/Adventure,Daily,PC (Personal Computer)
Carolanne Nader,77,female,60000,Fighting,3-6 times a week,Nintendo Switch
Kayla Veum,13,female,60000,First-Person Shooter (FPS),Occasionally,PC (Personal Computer)
Ewell Dibbert,72,male,50000,First-Person Shooter (FPS),3-6 times a week,Mobile Devices
Conner Kilback,21,male,80000,Action/Adventure,3-6 times a week,PC (Personal Computer)
Aileen Wilkinson,15,female,50000,Action/Adventure,Daily,PC (Personal Computer)
Zetta Welch,54,female,40000,Puzzle,Daily,PlayStation
Lucienne Erdman,49,female,60000,Fighting,3-6 times a week,Nintendo Switch
Giles Ritchie,75,male,70000,Action/Adventure,3-6 times a week,PlayStation
Craig Deckow,63,male,70000,First-Person Shooter (FPS),1-2 times a week,PC (Personal Computer)
Stacey Orn,8,female,60000,Fighting,Daily,Nintendo Switch
Newton Gleason,68,male,50000,Puzzle,Daily,Mobile Devices
Carlee Schulist,13,female,60000,Role-Playing Games (RPGs),Daily,Mobile Devices
Amaya Waters,2,female,50000,Action/Adventure,3-6 times a week,PC (Personal Computer)
Percy Franecki,30,male,50000,Puzzle,Occasionally,PC (Personal Computer)
Evangeline Fadel,37,female,30000,Other,Daily,PC (Personal Computer)
Tiffany McGlynn,66,female,40000,Other,1-2 times a week,Xbox
Kyle Von,34,male,40000,Fighting,Daily,PC (Personal Computer)
Breanna O'Connell,23,female,30000,Fighting,Occasionally,Mobile Devices
Ryder Leuschke,25,male,100000,Racing,1-2 times a week,PC (Personal Computer)
Samir Lueilwitz,58,male,40000,First-Person Shooter (FPS),1-2 times a week,Mobile Devices
Jamarcus Schneider,83,male,40000,Sports/Simulation,Occasionally,PlayStation
Maymie Cummings,13,female,40000,First-Person Shooter (FPS),3-6 times a week,PC (Personal Computer)
Emiliano Cormier,58,male,50000,Sports/Simulation,1-2 times a week,PC (Personal Computer)
Donnie Grant,26,male,70000,Action/Adventure,Daily,PC (Personal Computer)
Fiona Senger,14,female,60000,Fighting,1-2 times a week,PC (Personal Computer)
Angelica Collier,7,female,40000,Role-Playing Games (RPGs),Occasionally,Xbox
Julia Zemlak,61,female,40000,Action/Adventure,Daily,Nintendo Switch
Margarett Littel,52,female,40000,Role-Playing Games (RPGs),Daily,Mobile Devices
Stefanie Larson,85,female,40000,Sports/Simulation,1-2 times a week,Mobile Devices
Virgie Borer,6,female,60000,Racing,3-6 times a week,Nintendo Switch
Bernie Bode,75,male,40000,Fighting,Occasionally,Nintendo Switch
Kristy Smitham,75,female,30000,Sports/Simulation,Rarely,Mobile Devices
Easter Volkman,37,male,70000,Fighting,3-6 times a week,Mobile Devices
Eula Renner,87,female,30000,Action/Adventure,3-6 times a week,PlayStation
Teagan Schaden,8,female,30000,Sports/Simulation,Occasionally,Xbox
Kip Turner,81,male,50000,Role-Playing Games (RPGs),1-2 times a week,Other
Edmund Heathcote,40,male,70000,Role-Playing Games (RPGs),Occasionally,Mobile Devices
Cameron Goyette,16,male,50000,Strategy,Daily,Mobile Devices
Everette Maggio,2,female,50000,Fighting,Daily,Xbox
Dejuan Koss,26,male,40000,Sports/Simulation,Daily,Xbox
Marianne Gleichner,30,female,40000,Racing,Daily,PC (Personal Computer)
Misty Kirlin,73,female,40000,Role-Playing Games (RPGs),1-2 times a week,Xbox
Kasandra Dibbert,60,female,80000,Role-Playing Games (RPGs),Daily,Nintendo Switch
Eino Batz,4,male,30000,Action/Adventure,3-6 times a week,Nintendo Switch
Doyle Koelpin,61,male,30000,Action/Adventure,Rarely,Mobile Devices
Reyes Dickinson,3,male,30000,Puzzle,Occasionally,PlayStation
Phyllis Hintz,89,female,30000,Sports/Simulation,Daily,PlayStation
Bryce McGlynn,75,male,60000,Racing,Daily,PC (Personal Computer)
Leo Kertzmann,77,male,30000,Puzzle,3-6 times a week,Mobile Devices
Maybelle Turner,11,female,50000,First-Person Shooter (FPS),3-6 times a week,Mobile Devices
Ciara Reinger,9,female,40000,Racing,Rarely,PC (Personal Computer)
Aimee Friesen,74,female,60000,First-Person Shooter (FPS),3-6 times a week,Nintendo Switch
Rhianna Anderson,11,female,60000,First-Person Shooter (FPS),1-2 times a week,PC (Personal Computer)
Benedict Murphy,67,male,30000,Sports/Simulation,Never,Nintendo Switch
Edna Mitchell,30,female,70000,Action/Adventure,Occasionally,PC (Personal Computer)
Josue Bednar,14,male,70000,Role-Playing Games (RPGs),Never,Mobile Devices
Grace Johns,1,female,30000,Role-Playing Games (RPGs),3-6 times a week,PC (Personal Computer)
Anabel Mraz,39,female,40000,Puzzle,Occasionally,PC (Personal Computer)
Yvonne Hoeger,39,female,40000,Puzzle,Daily,Xbox
Kira Cruickshank,52,female,30000,Strategy,3-6 times a week,Xbox
Alexa Reilly,66,female,60000,Strategy,Occasionally,PC (Personal Computer)
Lindsay Marvin,31,female,30000,First-Person Shooter (FPS),Occasionally,Xbox
Ashleigh Brakus,8,female,40000,Strategy,Occasionally,PC (Personal Computer)
Rosario McCullough,43,male,70000,Strategy,Rarely,PC (Personal Computer)
Abdullah Dibbert,78,male,50000,Action/Adventure,3-6 times a week,PC (Personal Computer)
Khalil Borer,81,male,40000,Role-Playing Games (RPGs),1-2 times a week,PlayStation
Pink Anderson,0,female,80000,Fighting,Never,Xbox
Cindy Gutmann,61,female,80000,Sports/Simulation,3-6 times a week,Nintendo Switch
Kory Boehm,35,male,30000,Other,Occasionally,Mobile Devices
Matteo Smitham,59,male,30000,Role-Playing Games (RPGs),3-6 times a week,Xbox
Frederick Von,84,male,40000,Strategy,1-2 times a week,Mobile Devices
Clement Dibbert,0,male,80000,Action/Adventure,Rarely,Mobile Devices
Johanna Lesch,35,female,30000,Fighting,Never,Xbox
Daphney Stanton,62,female,30000,Action/Adventure,3-6 times a week,PlayStation
Laila Upton,3,female,70000,Action/Adventure,Occasionally,PlayStation
Cletus Heidenreich,32,male,40000,Role-Playing Games (RPGs),3-6 times a week,Nintendo Switch
Ansley Kuphal,69,male,60000,Action/Adventure,3-6 times a week,PC (Personal Computer)
Jace Simonis,24,male,30000,First-Person Shooter (FPS),Occasionally,PC (Personal Computer)
Alysson Harvey,3,female,70000,Strategy,3-6 times a week,Mobile Devices
Josiane DuBuque,31,female,70000,Role-Playing Games (RPGs),Daily,Xbox
Neal Torphy,55,male,50000,Role-Playing Games (RPGs),1-2 times a week,PlayStation
Cleve Hansen,69,male,30000,Strategy,Never,Mobile Devices
Alisa Pacocha,69,female,40000,Fighting,Occasionally,PlayStation
Damon Tillman,23,male,30000,Fighting,3-6 times a week,PlayStation
Darrion Homenick,44,male,80000,Role-Playing Games (RPGs),3-6 times a week,PC (Personal Computer)
Sheridan Runte,42,male,70000,Action/Adventure,1-2 times a week,PlayStation
Raphael Erdman,23,male,60000,Strategy,Occasionally,PlayStation
Imani Reinger,21,male,40000,Sports/Simulation,Occasionally,Mobile Devices
Otto Douglas,29,male,70000,Action/Adventure,3-6 times a week,PC (Personal Computer)
Eulah Franecki,6,female,50000,Strategy,Never,PC (Personal Computer)
Marcelina Casper,1,female,40000,First-Person Shooter (FPS),Daily,PlayStation
Nyasia Weimann,6,female,50000,First-Person Shooter (FPS),Never,Mobile Devices
Braden Kovacek,12,male,50000,First-Person Shooter (FPS),3-6 times a week,Nintendo Switch
Annette Gerlach,37,female,40000,Fighting,3-6 times a week,Xbox
Wellington Botsford,59,male,30000,Racing,Rarely,Xbox
Jovanny Stroman,25,male,50000,Role-Playing Games (RPGs),Daily,PlayStation
Alan Miller,37,male,30000,Fighting,1-2 times a week,Other
Anabel Thiel,73,female,80000,Sports/Simulation,1-2 times a week,PC (Personal Computer)
Drew Steuber,31,female,40000,Sports/Simulation,3-6 times a week,Mobile Devices
Darron Walker,79,male,50000,Sports/Simulation,3-6 times a week,PC (Personal Computer)
Lily Effertz,80,female,30000,Action/Adventure,3-6 times a week,PC (Personal Computer)
Joseph Kreiger,35,male,30000,Puzzle,1-2 times a week,Other
Alf Lakin,27,male,40000,Strategy,Daily,PlayStation
Rae Frami,33,female,30000,Action/Adventure,1-2 times a week,Mobile Devices
Lindsay Kerluke,82,female,90000,Other,Occasionally,PC (Personal Computer)
Lelah Goodwin,1,female,50000,Fighting,1-2 times a week,PlayStation
Eve Goyette,22,female,40000,Strategy,Occasionally,PC (Personal Computer)
Lonnie Hegmann,43,male,60000,Puzzle,Daily,PC (Personal Computer)
Corene Moore,10,female,40000,Puzzle,3-6 times a week,PlayStation
Ocie Toy,86,female,60000,Action/Adventure,1-2 times a week,Mobile Devices
Mae Bahringer,26,female,40000,First-Person Shooter (FPS),Daily,PlayStation
Harvey Morissette,32,male,40000,Racing,3-6 times a week,Xbox
Leonard Franecki,84,male,30000,Role-Playing Games (RPGs),Rarely,PC (Personal Computer)
Dakota Swaniawski,22,female,40000,Role-Playing Games (RPGs),Rarely,Nintendo Switch
Cynthia Wehner,40,female,60000,Role-Playing Games (RPGs),3-6 times a week,PlayStation
Roel Treutel,35,male,50000,Action/Adventure,3-6 times a week,PC (Personal Computer)
Sharon Gleason,50,female,40000,Strategy,3-6 times a week,PC (Personal Computer)
Gilbert Weissnat,59,male,60000,Action/Adventure,1-2 times a week,Xbox
Cortez Lang,61,male,70000,Sports/Simulation,3-6 times a week,Xbox
Bruce Gerhold,89,male,30000,Sports/Simulation,Occasionally,Nintendo Switch
Lincoln Smith,40,male,40000,Action/Adventure,Occasionally,Nintendo Switch
Yasmeen Macejkovic,43,female,30000,Action/Adventure,Rarely,Xbox
Hilma Thiel,45,female,90000,Strategy,Occasionally,Mobile Devices
Everette Prosacco,76,female,50000,Role-Playing Games (RPGs),Occasionally,PC (Personal Computer)
Deonte Feest,28,male,30000,Racing,Never,Xbox
Jerrold Bogisich,11,male,90000,Role-Playing Games (RPGs),Daily,PlayStation
Jaime Thompson,2,male,60000,Role-Playing Games (RPGs),Occasionally,PlayStation
Alene Rolfson,47,female,70000,Sports/Simulation,3-6 times a week,PlayStation
Ward Schmitt,35,male,40000,Sports/Simulation,Rarely,Other
Jacey Macejkovic,72,male,50000,Racing,Daily,Nintendo Switch
Dulce Ward,41,female,40000,Action/Adventure,3-6 times a week,Nintendo Switch
Abagail Brekke,42,female,40000,Other,Occasionally,PlayStation
Beau Kohler,87,male,40000,Action/Adventure,Daily,Xbox
Everette Lemke,44,female,30000,First-Person Shooter (FPS),Daily,PlayStation
Thea Harris,77,female,40000,Sports/Simulation,3-6 times a week,Xbox
Sierra McKenzie,74,female,30000,Puzzle,3-6 times a week,Mobile Devices
Leonardo Oberbrunner,51,male,40000,First-Person Shooter (FPS),Daily,Xbox
Lenna Hill,21,female,60000,First-Person Shooter (FPS),Rarely,Mobile Devices
Agnes Nienow,51,female,60000,Action/Adventure,Rarely,Nintendo Switch
Diego Bode,58,male,60000,Racing,3-6 times a week,Mobile Devices
Carissa Wisozk,25,female,70000,Action/Adventure,Rarely,Mobile Devices
Murray Volkman,64,male,60000,First-Person Shooter (FPS),Occasionally,Mobile Devices
Theresia Lebsack,44,female,60000,Sports/Simulation,Rarely,Mobile Devices
Mollie Will,11,female,80000,First-Person Shooter (FPS),Occasionally,PC (Personal Computer)
Lula Harber,82,male,60000,Action/Adventure,3-6 times a week,Mobile Devices
Antoinette Adams,78,female,30000,Role-Playing Games (RPGs),Daily,Mobile Devices
Mona Kilback,48,female,40000,Sports/Simulation,3-6 times a week,Other
Otha Schinner,2,female,50000,Action/Adventure,3-6 times a week,Nintendo Switch
Dereck Keebler,44,male,40000,Action/Adventure,Occasionally,PC (Personal Computer)
Grady Dickens,79,male,60000,Action/Adventure,3-6 times a week,Xbox
Waldo Rempel,65,male,30000,Action/Adventure,1-2 times a week,PC (Personal Computer)
Angus Marquardt,19,male,40000,Action/Adventure,Daily,Other
Woodrow Simonis,24,male,80000,Action/Adventure,3-6 times a week,Mobile Devices
Francesco Maggio,87,male,80000,Action/Adventure,3-6 times a week,PlayStation
Reagan Larkin,76,male,100000,Action/Adventure,3-6 times a week,PC (Personal Computer)
Kayden Torp,45,male,40000,Role-Playing Games (RPGs),Daily,Mobile Devices
Margret Rodriguez,43,female,60000,Fighting,1-2 times a week,Xbox
Damaris Hessel,18,female,30000,Action/Adventure,3-6 times a week,PC (Personal Computer)
Marlee Sanford,57,female,40000,Action/Adventure,Rarely,PlayStation
Jamey Osinski,21,male,30000,Other,1-2 times a week,Nintendo Switch
Helene Pfannerstill,40,female,30000,Other,Daily,PlayStation
Alana Kunde,63,female,40000,Action/Adventure,Rarely,Mobile Devices
Ova Dare,46,female,60000,Action/Adventure,Never,Xbox
Meta Effertz,28,female,40000,Sports/Simulation,3-6 times a week,PC (Personal Computer)
Marcella Marquardt,35,female,60000,Sports/Simulation,3-6 times a week,Mobile Devices
Enos Sporer,41,male,40000,Sports/Simulation,Rarely,PlayStation
Samara Ritchie,11,female,40000,Action/Adventure,1-2 times a week,Mobile Devices
Isaias Stoltenberg,48,male,30000,Strategy,1-2 times a week,Mobile Devices
Althea O'Connell,52,female,40000,Role-Playing Games (RPGs),Occasionally,Xbox
Rowena Hills,65,female,30000,First-Person Shooter (FPS),Occasionally,PC (Personal Computer)
Vivian Volkman,39,female,50000,Puzzle,Rarely,Other
Stella Gibson,79,female,40000,Strategy,Rarely,Mobile Devices
Neal Mills,2,male,40000,Strategy,Daily,PlayStation
Leonor Durgan,19,female,30000,Sports/Simulation,Daily,Other
Maddison Weissnat,63,female,30000,Sports/Simulation,Daily,Mobile Devices
Asia Wisozk,63,female,30000,Role-Playing Games (RPGs),Daily,Nintendo Switch
Ahmed Goyette,14,male,50000,Strategy,Daily,PlayStation
Cecelia Funk,84,female,40000,Action/Adventure,Rarely,Mobile Devices
Lauryn Block,42,female,40000,Action/Adventure,1-2 times a week,PlayStation
Jazlyn Block,82,female,50000,Sports/Simulation,Daily,Nintendo Switch
Ida Ferry,28,female,40000,Action/Adventure,1-2 times a week,Xbox
Clemmie Gerlach,5,female,70000,Role-Playing Games (RPGs),Occasionally,Mobile Devices
Manuel Lind,13,male,50000,Racing,Rarely,PlayStation
Shakira Hilpert,22,female,50000,Racing,Occasionally,PlayStation
Ardith Gorczany,24,female,50000,Role-Playing Games (RPGs),1-2 times a week,PlayStation
Susan Larson,40,female,50000,Action/Adventure,Daily,Other
Ramona Kuphal,66,female,40000,Fighting,1-2 times a week,Mobile Devices
June Lubowitz,65,female,70000,Fighting,3-6 times a week,Nintendo Switch
Darrion Heidenreich,1,male,40000,First-Person Shooter (FPS),Occasionally,PC (Personal Computer)
Randal Cole,66,male,40000,Role-Playing Games (RPGs),Daily,Mobile Devices
Hosea Ortiz,65,female,40000,Racing,Daily,PC (Personal Computer)
Laverne Schmidt,41,male,70000,Action/Adventure,Daily,PlayStation
Anastasia Funk,16,female,30000,Puzzle,3-6 times a week,PC (Personal Computer)
Dangelo Armstrong,27,male,60000,Other,3-6 times a week,Xbox
Zachariah Gerhold,33,male,50000,Sports/Simulation,Daily,PlayStation
Antwan Reynolds,72,male,90000,Action/Adventure,3-6 times a week,PC (Personal Computer)
Irwin Cole,31,male,60000,Racing,1-2 times a week,Mobile Devices
Ethan Thiel,31,male,30000,Action/Adventure,Rarely,Other
Eleazar Von,19,male,50000,Racing,Daily,PC (Personal Computer)
Priscilla Cartwright,72,female,80000,Action/Adventure,3-6 times a week,Xbox
Diana Schulist,75,female,30000,Role-Playing Games (RPGs),3-6 times a week,Mobile Devices
Cielo Dooley,27,male,60000,Racing,Occasionally,Other
Graham Reichel,77,male,30000,First-Person Shooter (FPS),3-6 times a week,Nintendo Switch
Irma Graham,34,female,40000,First-Person Shooter (FPS),Daily,PlayStation
Eleanore Huel,62,female,50000,Fighting,Daily,Mobile Devices
Zoe Daugherty,22,female,50000,First-Person Shooter (FPS),Daily,Xbox
Ashlee Christiansen,63,female,70000,Strategy,Rarely,PlayStation
Fabiola Wuckert,84,female,80000,Role-Playing Games (RPGs),Daily,Nintendo Switch
Zoe Rolfson,24,female,80000,Action/Adventure,Rarely,Mobile Devices
Janet O'Conner,67,female,80000,Action/Adventure,Daily,Mobile Devices
Sydney Berge,85,male,40000,Sports/Simulation,3-6 times a week,PC (Personal Computer)
Robb Douglas,8,male,60000,Role-Playing Games (RPGs),Daily,PC (Personal Computer)
Nellie Kiehn,2,female,50000,First-Person Shooter (FPS),Never,PlayStation
Amanda Macejkovic,70,female,80000,Fighting,3-6 times a week,Mobile Devices
Theodore Stoltenberg,67,male,80000,Role-Playing Games (RPGs),Never,PC (Personal Computer)
Creola Kihn,28,female,70000,Other,1-2 times a week,PC (Personal Computer)
Kristofer Kerluke,35,male,70000,Fighting,1-2 times a week,PlayStation
Haven Jakubowski,37,female,30000,Action/Adventure,Occasionally,Mobile Devices
Charity Cassin,87,female,40000,Puzzle,Occasionally,PC (Personal Computer)
Mireya Bogisich,86,female,50000,Action/Adventure,Daily,PlayStation
Enos Koss,35,male,40000,Fighting,Daily,PC (Personal Computer)
Meda Ebert,89,female,70000,Puzzle,3-6 times a week,Mobile Devices
Mireille Stark,53,female,30000,First-Person Shooter (FPS),3-6 times a week,Nintendo Switch
Yvette Spencer,46,female,30000,Fighting,Occasionally,PlayStation
Ebony Crona,81,female,70000,Role-Playing Games (RPGs),3-6 times a week,Mobile Devices
Darius Bergstrom,79,male,50000,Strategy,1-2 times a week,Mobile Devices
Jerad Kub,10,male,30000,Action/Adventure,Daily,PlayStation
Micah Kling,26,male,30000,First-Person Shooter (FPS),Daily,PC (Personal Computer)
Bailey Powlowski,51,male,60000,Sports/Simulation,Occasionally,PC (Personal Computer)
Joe Russel,37,male,50000,Sports/Simulation,3-6 times a week,PC (Personal Computer)
Baron Maggio,9,male,30000,Strategy,1-2 times a week,PC (Personal Computer)
Hollis Armstrong,55,male,70000,Puzzle,1-2 times a week,PlayStation
Dejuan Casper,4,male,60000,Sports/Simulation,1-2 times a week,Nintendo Switch
Elouise Denesik,12,female,50000,Role-Playing Games (RPGs),Daily,PlayStation
Joe Renner,5,male,80000,Sports/Simulation,3-6 times a week,Xbox
Neoma Rau,42,female,40000,Sports/Simulation,Daily,Nintendo Switch
Jamaal Johnson,83,male,70000,Fighting,1-2 times a week,PC (Personal Computer)
Cynthia Adams,62,female,40000,First-Person Shooter (FPS),Daily,Other
Forrest Nikolaus,63,male,30000,Strategy,Rarely,Mobile Devices
Camila Bergstrom,46,female,50000,Role-Playing Games (RPGs),Occasionally,Mobile Devices
Orland Wolff,84,male,30000,Fighting,Occasionally,Other
Lauriane Quigley,58,female,80000,Role-Playing Games (RPGs),1-2 times a week,PC (Personal Computer)
Quinn Gaylord,24,male,40000,Role-Playing Games (RPGs),3-6 times a week,PlayStation
Mafalda Weber,66,female,50000,Sports/Simulation,Occasionally,PC (Personal Computer)
Dorris Parker,66,female,50000,Puzzle,1-2 times a week,Mobile Devices
Cordell Miller,26,male,50000,First-Person Shooter (FPS),Rarely,PC (Personal Computer)
Kristopher Rosenbaum,19,male,70000,Racing,Daily,Nintendo Switch
Nikita Rolfson,60,female,40000,Puzzle,Daily,PlayStation
Destiney Gleason,47,female,40000,Role-Playing Games (RPGs),Daily,Mobile Devices
Edwardo Bradtke,34,male,30000,Puzzle,Daily,Nintendo Switch
Chloe Konopelski,17,female,30000,Sports/Simulation,3-6 times a week,PC (Personal Computer)
Gisselle Considine,42,female,70000,Strategy,1-2 times a week,Other
Felton Gibson,16,male,40000,Strategy,Rarely,PlayStation
Janelle Conn,46,female,60000,Role-Playing Games (RPGs),Never,Other
Willy Zulauf,7,male,60000,Role-Playing Games (RPGs),Daily,Mobile Devices
Adelbert Cassin,27,male,30000,Role-Playing Games (RPGs),1-2 times a week,PC (Personal Computer)
Jovani Stokes,19,male,40000,Strategy,Daily,Xbox
Janice Yost,73,female,30000,Sports/Simulation,Daily,Nintendo Switch
Trever Keebler,5,male,40000,Sports/Simulation,1-2 times a week,PlayStation
Freida Stokes,64,female,50000,Role-Playing Games (RPGs),Daily,Mobile Devices
Nicole O'Conner,9,female,40000,Racing,Daily,PC (Personal Computer)
Daniela Beier,6,female,30000,Action/Adventure,Rarely,PlayStation
Marta Becker,57,female,40000,Puzzle,Daily,Xbox
Nettie Stanton,32,female,40000,Role-Playing Games (RPGs),1-2 times a week,Mobile Devices
Wilson Kris,75,male,70000,Action/Adventure,Daily,Nintendo Switch
Edgardo Shanahan,44,male,50000,Strategy,Daily,PC (Personal Computer)
Leanna Goodwin,24,female,30000,Sports/Simulation,1-2 times a week,Xbox
Shad Hamill,29,male,30000,Role-Playing Games (RPGs),3-6 times a week,PlayStation
Retha Schuster,14,female,40000,Role-Playing Games (RPGs),Rarely,Xbox
Elody Beahan,51,female,40000,Other,Daily,Nintendo Switch
Tina Hill,70,female,30000,Role-Playing Games (RPGs),Rarely,Xbox
Vanessa Abernathy,62,female,60000,Role-Playing Games (RPGs),3-6 times a week,PlayStation
Margarett Littel,1,female,70000,Action/Adventure,3-6 times a week,PC (Personal Computer)
Colby Feest,71,male,40000,Other,1-2 times a week,PlayStation
Myrna Koelpin,64,female,40000,Sports/Simulation,Occasionally,Nintendo Switch
Alfonzo Sawayn,66,male,60000,Role-Playing Games (RPGs),Rarely,Xbox
Braulio Rutherford,64,male,100000,Puzzle,3-6 times a week,Mobile Devices
Neva Gislason,49,female,40000,Role-Playing Games (RPGs),1-2 times a week,Nintendo Switch
Art Hettinger,38,male,50000,Action/Adventure,3-6 times a week,Nintendo Switch
Elenora Hansen,1,female,60000,Puzzle,3-6 times a week,PC (Personal Computer)
Dexter Gutmann,85,male,40000,Sports/Simulation,Occasionally,Mobile Devices
Andreanne Wehner,16,female,30000,Racing,Rarely,Nintendo Switch
Juwan Gerhold,61,male,40000,Sports/Simulation,Occasionally,Xbox
Marquis Schinner,56,male,50000,Role-Playing Games (RPGs),1-2 times a week,Nintendo Switch
Tiara Swift,39,female,60000,Action/Adventure,Daily,PlayStation
Buck Koss,23,male,100000,First-Person Shooter (FPS),Daily,Xbox
Jessika Fay,69,female,30000,Action/Adventure,1-2 times a week,Mobile Devices
Eli Sporer,85,male,30000,First-Person Shooter (FPS),Occasionally,PlayStation
Arjun Ullrich,18,male,40000,Action/Adventure,Rarely,Mobile Devices
Jessika Jast,64,female,30000,Action/Adventure,1-2 times a week,Mobile Devices
Helmer Lockman,67,male,80000,Action/Adventure,Daily,Mobile Devices
Oren Feil,60,male,40000,Puzzle,Rarely,PlayStation
Arturo Blanda,73,male,70000,Role-Playing Games (RPGs),Never,Nintendo Switch
Tomasa Daniel,25,female,60000,Strategy,1-2 times a week,PlayStation
Shayne Luettgen,60,male,80000,Strategy,Daily,PlayStation
Raven Swift,67,male,70000,First-Person Shooter (FPS),1-2 times a week,PlayStation
Wilma Rutherford,36,female,30000,Racing,3-6 times a week,PC (Personal Computer)
Retha Hermann,48,female,40000,Fighting,Occasionally,Mobile Devices
Elvera Lockman,27,female,60000,Strategy,Daily,PC (Personal Computer)
Eliseo Jerde,84,male,50000,Action/Adventure,Never,PC (Personal Computer)
Gerardo Wisozk,24,male,80000,Action/Adventure,3-6 times a week,Mobile Devices
Anabel Klocko,59,female,40000,Strategy,1-2 times a week,Mobile Devices
Graciela Will,6,female,60000,First-Person Shooter (FPS),3-6 times a week,Mobile Devices
Dina Altenwerth,37,female,30000,Strategy,Occasionally,PC (Personal Computer)
Beulah Leffler,55,female,30000,Action/Adventure,1-2 times a week,PC (Personal Computer)
Bruce Bernhard,70,male,60000,Action/Adventure,3-6 times a week,Xbox
Ilene Ratke,6,female,30000,Strategy,Daily,PlayStation
Margaretta Heidenreich,53,female,40000,Fighting,Daily,PlayStation
Cathryn Rath,35,female,100000,Action/Adventure,3-6 times a week,PlayStation
Delpha Kozey,44,female,30000,Action/Adventure,Daily,Xbox
Alana Prosacco,45,female,80000,Sports/Simulation,3-6 times a week,PC (Personal Computer)
Baby Johnston,82,female,30000,Role-Playing Games (RPGs),Never,PC (Personal Computer)
Tito Kohler,84,male,70000,Action/Adventure,3-6 times a week,Xbox
Antonina Smitham,42,female,60000,Puzzle,3-6 times a week,Xbox
Dereck Buckridge,7,male,30000,Sports/Simulation,Daily,Xbox
Alejandra Swaniawski,6,female,50000,Role-Playing Games (RPGs),3-6 times a week,PlayStation
Elmo Schuster,39,male,50000,Fighting,1-2 times a week,PC (Personal Computer)
Darron Schumm,50,male,50000,Role-Playing Games (RPGs),Rarely,PlayStation
Greg Zulauf,14,male,70000,First-Person Shooter (FPS),3-6 times a week,PC (Personal Computer)
Francesco Rodriguez,46,male,60000,Action/Adventure,3-6 times a week,PC (Personal Computer)
Lizzie Schmeler,2,female,40000,Role-Playing Games (RPGs),Daily,PC (Personal Computer)
Darrell Sawayn,68,male,100000,Action/Adventure,Occasionally,Mobile Devices
Francisca Crona,79,female,40000,Sports/Simulation,3-6 times a week,PC (Personal Computer)
Dortha Abbott,24,female,30000,Action/Adventure,Daily,PC (Personal Computer)
Tania Okuneva,44,female,30000,Sports/Simulation,Never,PC (Personal Computer)
Zoe Bailey,21,female,40000,Role-Playing Games (RPGs),3-6 times a week,PlayStation
Alden Luettgen,32,male,40000,Role-Playing Games (RPGs),Daily,PC (Personal Computer)
Israel Carroll,85,male,40000,Sports/Simulation,Daily,PlayStation
Joy Volkman,32,female,80000,First-Person Shooter (FPS),Daily,PC (Personal Computer)
Maxie Stiedemann,1,female,60000,Fighting,1-2 times a week,Xbox
Cicero Kautzer,10,male,40000,Action/Adventure,Daily,Xbox
Florine McDermott,17,female,30000,Action/Adventure,Daily,PC (Personal Computer)
Nikita Gerhold,4,female,80000,Fighting,1-2 times a week,PlayStation
Cyril Hirthe,0,male,30000,Racing,Daily,PC (Personal Computer)
Fred Kris,3,male,30000,Action/Adventure,3-6 times a week,PC (Personal Computer)
Katlyn Bailey,62,female,40000,Role-Playing Games (RPGs),3-6 times a week,PlayStation
Dasia Kunze,39,female,40000,Strategy,1-2 times a week,Mobile Devices
Karine Mante,25,female,30000,Action/Adventure,1-2 times a week,PC (Personal Computer)
Georgette Gutmann,4,female,50000,Other,1-2 times a week,Mobile Devices
Belle McGlynn,65,female,40000,Action/Adventure,Rarely,PC (Personal Computer)
Winifred Runolfsdottir,15,female,40000,First-Person Shooter (FPS),1-2 times a week,PlayStation
Marshall Stoltenberg,46,male,50000,Sports/Simulation,1-2 times a week,Mobile Devices
Kiara Stoltenberg,78,female,50000,First-Person Shooter (FPS),3-6 times a week,Other
Jules Blanda,59,male,40000,Sports/Simulation,Rarely,Xbox
Libbie Farrell,32,female,40000,Action/Adventure,Never,PlayStation
Ronaldo Hilpert,78,male,40000,Strategy,1-2 times a week,PlayStation
Harmony Will,25,female,30000,Role-Playing Games (RPGs),Occasionally,Other
Earnestine Grant,62,female,40000,Sports/Simulation,3-6 times a week,PC (Personal Computer)
Eliezer Howe,70,male,30000,Action/Adventure,Daily,Mobile Devices
Cortez Murazik,47,male,40000,Role-Playing Games (RPGs),Never,Mobile Devices
Darrick Kunde,82,male,40000,Racing,Daily,Xbox
Michel Hintz,37,male,30000,Action/Adventure,Rarely,Mobile Devices
Lysanne Stanton,60,female,40000,Sports/Simulation,Daily,PC (Personal Computer)
Viva Hackett,81,female,40000,Strategy,1-2 times a week,PC (Personal Computer)
Leslie Hauck,60,female,80000,Action/Adventure,3-6 times a week,Xbox
Reynold Shanahan,71,male,40000,First-Person Shooter (FPS),Rarely,Mobile Devices
Alphonso Will,83,male,30000,Action/Adventure,3-6 times a week,Nintendo Switch
Dakota Yost,84,female,50000,Role-Playing Games (RPGs),Never,PC (Personal Computer)
Thora Tremblay,37,female,50000,Action/Adventure,3-6 times a week,PC (Personal Computer)
Mohamed Gibson,79,male,60000,Other,Occasionally,Mobile Devices
Alford Cronin,81,male,100000,Role-Playing Games (RPGs),Daily,Xbox
Orrin Kunde,17,male,40000,First-Person Shooter (FPS),Occasionally,PC (Personal Computer)
Buddy Barrows,85,male,50000,Puzzle,1-2 times a week,PlayStation
Nelson Tremblay,29,male,40000,Role-Playing Games (RPGs),3-6 times a week,PlayStation
Llewellyn Hills,54,male,60000,Action/Adventure,3-6 times a week,Nintendo Switch
Theodore Hyatt,60,male,40000,Racing,Daily,Nintendo Switch
Emie Cormier,42,female,50000,Action/Adventure,3-6 times a week,PlayStation
Whitney Heidenreich,3,female,50000,Role-Playing Games (RPGs),3-6 times a week,PC (Personal Computer)
Dariana McKenzie,6,female,50000,Action/Adventure,3-6 times a week,PC (Personal Computer)
Aileen White,36,female,40000,Role-Playing Games (RPGs),Daily,PlayStation
Birdie Herzog,84,female,40000,First-Person Shooter (FPS),Rarely,Xbox
Edgardo Braun,3,male,60000,Action/Adventure,1-2 times a week,PlayStation
Lolita Price,11,female,40000,Role-Playing Games (RPGs),1-2 times a week,Xbox
Thora Kuphal,42,female,40000,First-Person Shooter (FPS),3-6 times a week,PC (Personal Computer)
Wilber Bergnaum,37,male,50000,Puzzle,3-6 times a week,PlayStation
Arvid Pouros,35,male,80000,Role-Playing Games (RPGs),Daily,Nintendo Switch
Juliana Koepp,45,female,40000,Action/Adventure,Never,PC (Personal Computer)
Reilly Bednar,32,male,30000,Other,Rarely,PlayStation
Zakary Schultz,84,male,40000,First-Person Shooter (FPS),Rarely,PC (Personal Computer)
Brandon Cartwright,13,male,70000,Role-Playing Games (RPGs),3-6 times a week,Mobile Devices
Gillian Miller,36,male,60000,Action/Adventure,Daily,Xbox
Alene Ritchie,79,female,60000,Strategy,3-6 times a week,PC (Personal Computer)
Christa Wuckert,67,female,30000,Action/Adventure,Rarely,Mobile Devices
Devin Witting,49,male,80000,Sports/Simulation,3-6 times a week,Mobile Devices
Merritt Zemlak,31,male,30000,Sports/Simulation,Daily,PC (Personal Computer)
Juliet Borer,76,female,40000,First-Person Shooter (FPS),Daily,PC (Personal Computer)
Roger Marks,47,male,50000,Strategy,3-6 times a week,Xbox
Noemi Bruen,23,female,40000,Strategy,3-6 times a week,Mobile Devices
Marcus Buckridge,65,male,30000,Racing,Daily,Mobile Devices
Magdalena Rutherford,48,female,30000,Action/Adventure,Occasionally,PlayStation
Lina Sanford,46,female,30000,Action/Adventure,Occasionally,Xbox
Amber Grimes,37,female,60000,First-Person Shooter (FPS),Occasionally,PlayStation
Jamarcus Mueller,79,male,60000,Sports/Simulation,Rarely,PlayStation
Jerry Robel,32,male,100000,Action/Adventure,Rarely,Xbox
Wellington McKenzie,89,male,50000,Action/Adventure,Daily,PC (Personal Computer)
Tyra Veum,12,female,40000,Action/Adventure,3-6 times a week,PC (Personal Computer)
Rosalee Dare,16,female,90000,First-Person Shooter (FPS),1-2 times a week,Xbox
Kale Rice,5,male,40000,Racing,Never,PC (Personal Computer)
Aleen Tremblay,54,female,80000,Role-Playing Games (RPGs),3-6 times a week,PC (Personal Computer)
Elton Kunde,58,male,30000,Strategy,3-6 times a week,Xbox
Arielle Ward,58,female,40000,Role-Playing Games (RPGs),3-6 times a week,PC (Personal Computer)
Minnie Williamson,88,female,90000,Sports/Simulation,1-2 times a week,Mobile Devices
Marilou Beahan,30,female,40000,Racing,Daily,PlayStation
Walter DuBuque,63,male,40000,Role-Playing Games (RPGs),Never,PlayStation
Brown Hermiston,50,male,60000,Sports/Simulation,Daily,Xbox
Jedidiah Haag,12,male,40000,Racing,Daily,PC (Personal Computer)
Donna Breitenberg,63,female,50000,Action/Adventure,Daily,PlayStation
Rebeka Mertz,23,female,40000,Sports/Simulation,Rarely,PlayStation
Elsa Stokes,65,female,40000,First-Person Shooter (FPS),1-2 times a week,PlayStation
Kip Daugherty,76,male,60000,Role-Playing Games (RPGs),Occasionally,PC (Personal Computer)
Leif Wolf,68,male,30000,Action/Adventure,Daily,PC (Personal Computer)
Theron Greenholt,77,male,80000,Racing,Rarely,PC (Personal Computer)
Norval Little,15,male,30000,Action/Adventure,Never,PC (Personal Computer)
Omari Doyle,24,male,50000,Sports/Simulation,Daily,PlayStation
Ayden Johnson,21,male,50000,Fighting,Never,PC (Personal Computer)
Yoshiko Johnson,15,female,70000,Sports/Simulation,Never,Nintendo Switch
Tatum Lynch,22,male,50000,Fighting,3-6 times a week,Mobile Devices
Hosea Bartell,79,female,40000,Action/Adventure,Occasionally,PC (Personal Computer)
Iliana Fritsch,70,female,40000,Puzzle,Daily,Mobile Devices
Tianna Ondricka,10,female,60000,Puzzle,Daily,Nintendo Switch
Sofia Lebsack,49,male,30000,Role-Playing Games (RPGs),Daily,PlayStation
Lolita Schiller,24,female,50000,First-Person Shooter (FPS),Occasionally,PC (Personal Computer)
Amina Glover,63,female,50000,First-Person Shooter (FPS),3-6 times a week,PC (Personal Computer)
Antwan Kohler,78,male,60000,Sports/Simulation,Rarely,Xbox
Charlotte Hickle,73,female,90000,Action/Adventure,1-2 times a week,Nintendo Switch
Kenyon Witting,45,male,90000,Sports/Simulation,3-6 times a week,PC (Personal Computer)
Troy Stroman,38,male,30000,Fighting,Occasionally,Mobile Devices
Randi Hackett,79,male,60000,Sports/Simulation,Daily,PlayStation
Elisabeth Bauch,7,female,40000,Sports/Simulation,Rarely,PC (Personal Computer)
May Feest,12,female,30000,Action/Adventure,Rarely,PlayStation
Haleigh Dach,61,male,40000,Puzzle,Daily,PlayStation
Joanny Lakin,33,female,40000,Action/Adventure,Occasionally,Xbox
Araceli Stokes,29,female,50000,Action/Adventure,1-2 times a week,PC (Personal Computer)
Antonio Schultz,41,male,30000,Racing,Rarely,Mobile Devices
Levi Smitham,36,male,40000,Action/Adventure,Daily,PlayStation
Shany McGlynn,35,female,40000,Action/Adventure,Never,Nintendo Switch
Avery McGlynn,86,male,40000,Sports/Simulation,1-2 times a week,PlayStation
Damon Williamson,15,male,40000,Action/Adventure,Daily,Mobile Devices
Bradly Bednar,66,male,40000,Role-Playing Games (RPGs),Rarely,PlayStation
Amos Dach,86,male,40000,Puzzle,Rarely,PC (Personal Computer)
Rodolfo Satterfield,65,male,40000,Action/Adventure,3-6 times a week,Xbox
Sarai Haag,63,female,40000,Role-Playing Games (RPGs),3-6 times a week,Mobile Devices
Mario Murazik,2,male,40000,Action/Adventure,Never,PlayStation
Chelsea Leuschke,50,female,50000,Sports/Simulation,1-2 times a week,PC (Personal Computer)
Torey Prohaska,20,male,60000,Fighting,3-6 times a week,Nintendo Switch
Irwin Becker,7,male,30000,Racing,1-2 times a week,PC (Personal Computer)
Maiya Ratke,84,female,70000,Sports/Simulation,Occasionally,PlayStation
Torey Jaskolski,46,male,50000,Sports/Simulation,Occasionally,Mobile Devices
Rita Stroman,4,female,100000,Puzzle,Daily,Mobile Devices
Neha Monahan,14,female,50000,Role-Playing Games (RPGs),Never,Mobile Devices
Lavinia Graham,20,female,40000,First-Person Shooter (FPS),Daily,Mobile Devices
Valentine Schumm,44,female,70000,Sports/Simulation,Occasionally,PC (Personal Computer)
Larue Kling,22,male,80000,Fighting,Rarely,PlayStation
Katlyn Corkery,37,female,60000,Sports/Simulation,1-2 times a week,PC (Personal Computer)
Demarcus Stokes,77,male,70000,Action/Adventure,3-6 times a week,PlayStation
Alana Ondricka,70,female,90000,Role-Playing Games (RPGs),Daily,Mobile Devices
Kaitlyn Nolan,81,female,50000,Role-Playing Games (RPGs),3-6 times a week,Xbox
Vernie Douglas,0,female,40000,Role-Playing Games (RPGs),Rarely,Mobile Devices
Maia Schmitt,70,female,30000,Racing,Occasionally,PlayStation
Bernardo Bogan,41,male,30000,Action/Adventure,Daily,Mobile Devices
Dave Cole,18,male,60000,Role-Playing Games (RPGs),Daily,PlayStation
Green Satterfield,38,male,50000,Strategy,Occasionally,Nintendo Switch
Willow Toy,33,female,30000,Action/Adventure,Never,Nintendo Switch
Matilde Nolan,23,female,40000,Action/Adventure,Occasionally,Mobile Devices
Bryce Ortiz,77,male,60000,Role-Playing Games (RPGs),1-2 times a week,Mobile Devices
Flossie Kessler,30,female,100000,Action/Adventure,Occasionally,Xbox
Vidal Stanton,8,male,40000,Action/Adventure,Rarely,Mobile Devices
Kenyatta Larson,17,female,60000,Sports/Simulation,3-6 times a week,PC (Personal Computer)
Lawson Berge,62,male,50000,Sports/Simulation,1-2 times a week,Mobile Devices
Richmond Ullrich,9,male,30000,Action/Adventure,3-6 times a week,Xbox
Elna Romaguera,13,female,30000,Action/Adventure,3-6 times a week,PlayStation
Jaren Bartell,77,male,60000,First-Person Shooter (FPS),Daily,Nintendo Switch
Houston Grady,78,male,50000,Sports/Simulation,1-2 times a week,Other
Pamela Gleichner,74,female,40000,Action/Adventure,Daily,PC (Personal Computer)
Gussie Auer,16,male,60000,Strategy,3-6 times a week,Xbox
Kaela Collins,0,female,40000,Sports/Simulation,Never,Mobile Devices
Gus Bosco,86,male,50000,Role-Playing Games (RPGs),3-6 times a week,PlayStation
Bernardo Hansen,41,male,30000,Racing,Daily,PlayStation
Ruthe Funk,9,female,60000,Sports/Simulation,Daily,PlayStation
Wade Osinski,1,male,30000,Role-Playing Games (RPGs),Daily,Xbox
Jenifer Weber,4,female,40000,Strategy,Occasionally,PlayStation
Maria Ward,5,female,60000,Strategy,Rarely,PC (Personal Computer)
Leanne Wehner,11,female,40000,Sports/Simulation,1-2 times a week,PC (Personal Computer)
Giovanna Hayes,26,female,50000,Sports/Simulation,Never,PlayStation
Adella Kozey,70,female,40000,Puzzle,Daily,Nintendo Switch
Madison Rogahn,26,male,50000,First-Person Shooter (FPS),3-6 times a week,Xbox
Jaunita Denesik,32,female,50000,Strategy,Daily,PC (Personal Computer)
Sigmund D'Amore,54,male,40000,Action/Adventure,1-2 times a week,PC (Personal Computer)
Leda Schmitt,54,female,30000,Sports/Simulation,Occasionally,PC (Personal Computer)
Liza Murazik,32,female,30000,Fighting,Rarely,Xbox
Georgette Jacobs,44,female,40000,Role-Playing Games (RPGs),3-6 times a week,PlayStation
Lisandro Baumbach,74,male,80000,Sports/Simulation,3-6 times a week,PC (Personal Computer)
Justyn Kirlin,30,male,80000,Action/Adventure,3-6 times a week,Mobile Devices
Catharine Satterfield,29,female,30000,Role-Playing Games (RPGs),Rarely,Xbox
Cassandre Marvin,75,female,60000,Sports/Simulation,1-2 times a week,Nintendo Switch
Gracie Pagac,75,female,30000,Fighting,Daily,PC (Personal Computer)
Juvenal Klocko,63,male,60000,Action/Adventure,Never,Nintendo Switch
Jewel Hahn,32,female,60000,Action/Adventure,Daily,Xbox
Dalton Kiehn,4,male,80000,Action/Adventure,1-2 times a week,Mobile Devices
Rahul Nolan,11,male,70000,Action/Adventure,Rarely,Mobile Devices
Thelma Senger,9,female,40000,Strategy,Occasionally,PC (Personal Computer)
Timmy VonRueden,62,male,60000,Other,3-6 times a week,PlayStation
Carolina Gerhold,87,female,50000,Role-Playing Games (RPGs),Daily,PC (Personal Computer)
Katlynn Dare,6,female,30000,Role-Playing Games (RPGs),Daily,Xbox
Dimitri Schulist,63,male,40000,Action/Adventure,Rarely,PlayStation
Tabitha O'Conner,30,female,30000,Action/Adventure,Daily,PC (Personal Computer)
Devyn Zulauf,48,male,60000,Puzzle,Daily,Mobile Devices
Cassie Parker,27,female,70000,Fighting,Occasionally,PlayStation
Kendra Ratke,54,female,60000,Puzzle,Daily,PC (Personal Computer)
Lizeth Schimmel,60,female,40000,Action/Adventure,1-2 times a week,PC (Personal Computer)
Abigail Satterfield,7,female,40000,Role-Playing Games (RPGs),Daily,Mobile Devices
Ima Konopelski,63,female,80000,Action/Adventure,3-6 times a week,PlayStation
Cole Smitham,88,male,50000,First-Person Shooter (FPS),3-6 times a week,PlayStation
Lavonne Lehner,14,female,30000,Action/Adventure,1-2 times a week,PlayStation
Alice Olson,79,female,100000,Other,3-6 times a week,Xbox
Marc Bins,55,male,70000,Racing,Rarely,PlayStation
Eleanore Terry,20,female,40000,First-Person Shooter (FPS),Daily,PlayStation
Georgette O'Reilly,10,female,80000,Puzzle,Daily,Xbox
Maynard Langosh,4,male,30000,Role-Playing Games (RPGs),Never,Xbox
Alia Grimes,89,female,40000,Action/Adventure,Rarely,Mobile Devices
Pearline Osinski,26,female,30000,Fighting,Occasionally,Nintendo Switch
Francisco Ledner,76,male,40000,Sports/Simulation,Daily,Xbox
Jada Gutmann,62,female,50000,Action/Adventure,1-2 times a week,Nintendo Switch
Sage Oberbrunner,0,male,40000,Racing,3-6 times a week,Xbox
Rhianna Armstrong,79,female,30000,Strategy,1-2 times a week,Xbox
Florida Rogahn,32,female,40000,Role-Playing Games (RPGs),Daily,Other
Nicholaus Kerluke,37,male,50000,Action/Adventure,3-6 times a week,PlayStation
Kendall Buckridge,82,male,30000,Sports/Simulation,1-2 times a week,PlayStation
Rosalia Tillman,10,female,60000,Sports/Simulation,3-6 times a week,Nintendo Switch
Major Mueller,3,male,30000,Fighting,3-6 times a week,Mobile Devices
Clair Klein,75,male,30000,Sports/Simulation,Daily,Xbox
Arnulfo Jenkins,39,male,40000,Action/Adventure,Rarely,Other
Harvey Schowalter,86,male,40000,Sports/Simulation,Daily,PlayStation
Narciso Smith,63,male,40000,Strategy,Daily,PC (Personal Computer)
Ara McKenzie,68,female,50000,Role-Playing Games (RPGs),3-6 times a week,PlayStation
Flavio Schimmel,54,male,50000,Strategy,Occasionally,PC (Personal Computer)
Alejandrin Kiehn,55,male,70000,Role-Playing Games (RPGs),3-6 times a week,Xbox
Gilbert Feeney,6,male,40000,Sports/Simulation,Daily,PlayStation
Dawson Daugherty,27,male,60000,Puzzle,Rarely,Nintendo Switch
Lavina Cormier,15,female,70000,Strategy,Daily,PC (Personal Computer)
Jaydon Tremblay,78,male,30000,Role-Playing Games (RPGs),Daily,Mobile Devices
Fae Tromp,83,female,50000,First-Person Shooter (FPS),1-2 times a week,PC (Personal Computer)
Monte Towne,58,male,40000,Role-Playing Games (RPGs),1-2 times a week,PC (Personal Computer)
Nils Schiller,36,male,100000,Role-Playing Games (RPGs),Daily,PC (Personal Computer)
Mae Towne,61,female,80000,Role-Playing Games (RPGs),Daily,PC (Personal Computer)
Anahi Huel,58,female,30000,Role-Playing Games (RPGs),1-2 times a week,Xbox
Claud Lesch,29,male,40000,Strategy,Rarely,PC (Personal Computer)
Waylon Dietrich,22,male,60000,Role-Playing Games (RPGs),1-2 times a week,PC (Personal Computer)
Zane Hahn,49,male,50000,Role-Playing Games (RPGs),3-6 times a week,PC (Personal Computer)
Jon VonRueden,6,male,50000,Action/Adventure,3-6 times a week,Mobile Devices
Susanna Smitham,11,female,60000,Strategy,Rarely,PlayStation
Mozell Klein,21,female,70000,Fighting,1-2 times a week,PC (Personal Computer)
Jerod Goyette,65,male,30000,Racing,Daily,Xbox
Lera Mitchell,52,female,40000,Strategy,Daily,PC (Personal Computer)
Kathryn Strosin,43,female,50000,First-Person Shooter (FPS),3-6 times a week,Mobile Devices
Carole Macejkovic,2,female,50000,Action/Adventure,1-2 times a week,Nintendo Switch
Ozella Thiel,88,female,80000,Action/Adventure,Rarely,Xbox
Helmer Bosco,28,male,70000,Puzzle,Rarely,Xbox
Newell Beatty,66,male,30000,Action/Adventure,Daily,PC (Personal Computer)
Elmore Wisozk,19,male,40000,Strategy,Occasionally,Mobile Devices
Deon Schuppe,39,male,70000,First-Person Shooter (FPS),3-6 times a week,Mobile Devices
Nelson Predovic,72,male,60000,Role-Playing Games (RPGs),Occasionally,PlayStation
Brody Cronin,32,male,50000,Action/Adventure,Occasionally,Other
Erich Reynolds,81,male,40000,First-Person Shooter (FPS),Daily,PlayStation
Elwyn Kovacek,49,male,30000,Action/Adventure,1-2 times a week,PlayStation
Nestor Wilderman,36,male,30000,Puzzle,Daily,PC (Personal Computer)
Tom Rath,81,male,50000,Racing,Rarely,PC (Personal Computer)
Monserrate Nikolaus,20,male,30000,Action/Adventure,Occasionally,PlayStation
Alejandra White,58,female,60000,Strategy,Daily,Nintendo Switch
Jasper Smith,5,male,60000,Role-Playing Games (RPGs),Rarely,Nintendo Switch
Beth Ullrich,23,female,30000,Role-Playing Games (RPGs),Daily,PC (Personal Computer)
Theodora Gorczany,80,female,40000,First-Person Shooter (FPS),3-6 times a week,PC (Personal Computer)
Aisha Larson,46,female,30000,Sports/Simulation,1-2 times a week,Xbox
Mittie Robel,8,female,50000,Strategy,Rarely,Xbox
Hollie Koelpin,71,female,40000,Action/Adventure,1-2 times a week,PC (Personal Computer)
Antwon Stoltenberg,48,male,50000,Action/Adventure,3-6 times a week,PlayStation
Katlyn Jones,9,female,30000,Role-Playing Games (RPGs),Rarely,PC (Personal Computer)
Ludie Stamm,33,female,40000,Role-Playing Games (RPGs),Occasionally,Mobile Devices
Orlando Champlin,29,male,30000,Sports/Simulation,Daily,Mobile Devices
Ian Paucek,20,male,40000,Action/Adventure,Occasionally,PC (Personal Computer)
Kane Satterfield,30,male,30000,Puzzle,1-2 times a week,PlayStation
Hassie Wilkinson,6,female,40000,Sports/Simulation,3-6 times a week,Xbox
Aurelie Nitzsche,11,female,40000,First-Person Shooter (FPS),Occasionally,PC (Personal Computer)
Eliseo Boehm,52,male,40000,Fighting,1-2 times a week,Other
Ricky Rath,60,male,40000,Action/Adventure,Daily,PC (Personal Computer)
Rachael Goyette,17,female,40000,Sports/Simulation,Rarely,Mobile Devices
Vivienne Raynor,52,female,70000,Strategy,1-2 times a week,Xbox
Emmy Hand,76,female,40000,Role-Playing Games (RPGs),Daily,Mobile Devices
Juana Mueller,62,female,30000,Role-Playing Games (RPGs),Daily,Other
Samantha Gutkowski,40,female,40000,Sports/Simulation,3-6 times a week,Xbox
Alberta Howell,1,female,100000,First-Person Shooter (FPS),3-6 times a week,Xbox
Elias Tremblay,46,male,40000,Role-Playing Games (RPGs),Never,PlayStation
Domenica Borer,26,female,40000,Role-Playing Games (RPGs),Rarely,Xbox
Josh Willms,3,male,40000,Racing,Occasionally,Mobile Devices
Kenna Jacobson,77,female,30000,Action/Adventure,3-6 times a week,PC (Personal Computer)
Garfield Deckow,73,male,40000,Action/Adventure,Occasionally,PlayStation
Edwin Larkin,70,male,30000,Strategy,Occasionally,PlayStation
Glennie Leffler,7,male,70000,First-Person Shooter (FPS),3-6 times a week,PC (Personal Computer)
Monserrate Padberg,71,male,80000,Role-Playing Games (RPGs),Occasionally,PlayStation
Brett Murphy,28,male,30000,First-Person Shooter (FPS),1-2 times a week,Mobile Devices
Lonzo Kulas,60,male,40000,Action/Adventure,1-2 times a week,PC (Personal Computer)
Elnora Collins,75,female,60000,Action/Adventure,Daily,PC (Personal Computer)
Bette Purdy,36,female,30000,Fighting,Daily,Mobile Devices
Dewayne Jakubowski,8,male,90000,Sports/Simulation,Occasionally,Other
Heaven Halvorson,60,female,30000,Role-Playing Games (RPGs),Occasionally,Mobile Devices
Raoul O'Connell,24,male,30000,Sports/Simulation,3-6 times a week,Mobile Devices
Stewart Sipes,55,male,50000,Action/Adventure,3-6 times a week,Mobile Devices
Justine Kuhn,51,female,80000,Racing,Daily,Mobile Devices
Oran Stoltenberg,30,male,50000,Sports/Simulation,3-6 times a week,PC (Personal Computer)
Clarissa Wiegand,17,female,100000,Action/Adventure,3-6 times a week,PC (Personal Computer)
